width,rows,step,ema_joint_nll,gain_over_matched_192,quarter_kill
192,63441640,7745,0.28317389229603407,0,False
192,95144680,11615,0.27726436294161033,0,False
192,126861418,15487,0.2738687051677593,0,False
192,190284562,23230,0.2699307182002995,0,False
192,253711575,30973,0.26761316883797254,0,False
192,317145261,38717,0.2665024759176585,0,False
192,380571633,46460,0.26627420980904815,0,False
288,63441640,7745,0.2797297378654996,0.003444154430534474,False
288,95144680,11615,0.27418144592079313,0.0030829170208171996,True
384,63441640,7745,0.2783980349863188,0.004775857309715248,False
384,95144680,11615,0.27280791354526357,0.004456449396346762,True
480,63441640,7745,0.27781619329307483,0.0053576990029592375,False
480,95144680,11615,0.2724708288578426,0.004793534083767759,True
