card	perspectives	recorded_own_plays
archer-queen	2915	10901
archers	5470	31224
arrows	67057	168177
baby-dragon	39557	175014
balloon	43345	136613
bandit	21998	102175
barbarian-barrel	115092	503960
barbarian-hut	295	893
barbarians	12940	38121
bats	21666	106234
battle-healer	2282	7555
battle-ram	45664	181948
berserker	75227	419754
bomb-tower	16342	60859
bomber	24287	139370
boss-bandit	4762	16445
bowler	39020	149305
cannon	20422	99714
cannon-cart	22746	98094
clone	2088	4716
dark-prince	26272	113879
dart-goblin	16312	83290
earthquake	2509	7687
electro-dragon	18663	58696
electro-giant	12699	41114
electro-spirit	28552	170572
electro-wizard	28083	90469
elite-barbarians	78702	267151
elixir-collector	16703	30699
elixir-golem	9614	29691
executioner	20352	76190
fire-spirit	13093	101684
fireball	73025	194026
firecracker	6003	26769
fisherman	14778	66144
flying-machine	6436	24882
freeze	34700	94162
furnace	17267	87770
giant	28406	96336
giant-skeleton	33739	121787
giant-snowball	41219	207395
goblin-barrel	8410	35352
goblin-cage	17367	68685
goblin-curse	7623	21018
goblin-demolisher	9696	55160
goblin-drill	17736	105351
goblin-gang	17581	76283
goblin-giant	4209	13572
goblin-hut	8427	32377
goblin-machine	1473	4700
goblins	9153	48968
goblinstein	13542	62621
golden-knight	22498	99757
golem	29035	63979
graveyard	25172	68841
guards	17216	64536
heal-spirit	22371	102213
hog-rider	19940	80328
hunter	13000	56670
ice-golem	13472	82391
ice-spirit	14935	105730
ice-wizard	16744	88737
inferno-dragon	40600	144924
inferno-tower	4505	11586
knight	26380	145115
lava-hound	16401	37871
lightning	33727	69218
little-prince	4095	19875
lumberjack	17421	71964
magic-archer	12327	52704
mega-knight	13655	40863
mega-minion	19270	77404
mighty-miner	3872	18100
miner	31871	153339
mini-pekka	26426	89226
minion-horde	15324	48204
minions	36834	153730
mirror	1113	2556
monk	5333	22851
mortar	24570	122945
mother-witch	41550	134519
musketeer	18390	91058
night-witch	20475	64275
pekka	17598	48718
phoenix	8109	32197
poison	26379	96448
prince	5947	21750
princess	8486	40268
rage	17225	54673
ram-rider	8434	29798
rascals	18942	80917
rocket	13782	32229
ronin	4869	15538
royal-delivery	4819	19378
royal-ghost	33181	173284
royal-giant	16262	58866
royal-hogs	9404	33468
royal-recruits	10577	35774
rune-giant	9693	38834
skeleton-army	27496	98492
skeleton-barrel	27095	146523
skeleton-dragons	27557	104096
skeleton-king	14328	58881
skeletons	57688	381276
sparky	23082	63149
spear-goblins	6513	40655
spirit-empress	4880	17994
suspicious-bush	8897	47345
tesla	13011	65680
the-log	31183	140855
tombstone	27756	117901
tornado	75438	213077
valkyrie	31101	139162
vines	38997	111671
void	14598	34225
wall-breakers	12506	72715
witch	15788	59102
wizard	37043	117539
x-bow	3710	15575
zap	78275	260446
zappies	46782	174497
